id,sch_id,instance
216,4,COM SCI 19 FIAT LUX FRSHMN SEM
217,6,SEM
218,7,1
219,8,T
220,9,4:00P
221,10,5:50P
222,11,BOELTER
223,12,4413
224,13,187057200
225,16,4003-204
226,17,Ap Java
227,19,None
228,20,4-8
229,21,TBA
230,22,TBA
231,23,TBA
232,24,TBA
233,25,TBA
234,26,29
985,123,19
986,125,787i74
987,126,1258
988,127,kg
989,128,1259854.58
990,129,58
991,130,t459
992,131,Porsche early 944 924s relay/fuse box from a 1985 944
993,132,857599
994,135,Chandler Bing
995,136,Cortica Ltd.
996,137,sales@cortica.com
997,138,(860) 832-2236
998,140,Chestnut Street
999,141,Eighth Avenue
1000,142,Pennsylvania Plaza
1001,143,96th Street
1002,144,Arizona
1003,145,58997
1004,146,US
1005,147,Lake Havasu City
1006,150,Peter Dinklage
1007,151,Microsoft
1008,152,pet.dinklage@microsoft.com
1009,153,(877) 647-0788
1010,155,Plaza Way
1011,156,Orange Campus
1012,157,Building 5
1013,158,Suite #3246
1014,159,Arizona
1015,160,86442
1016,161,US
1017,162,Bullhead City
1018,164,4587525
1019,165,2011-09-11
1020,166,U34A39
1021,167,U87A58
1022,169,Peter Dinklage
1023,170,Microsoft
1024,171,pet.dinklage@microsoft.com
1025,172,(877) 647-0788
1026,174,4785.36
1027,123,85
1028,125,yyiuu8
1029,126,458.99
1031,128,458772.74
1032,129,45.66
1033,130,y865
1034,131,Honda Stage 3 Performance Chip Fuel Engine Racing Speed MOD Plug n Play
1035,132,458871
1036,135,Patrick Stump
1037,136,Allegheny Technologies
1038,137,Stumppet@yahoo.com
1039,138,(623) 643-0399
1040,140,Camino San Xavier
1041,141,None
1042,142,None
1043,143,None
1044,144,AZ
1045,145,85308 
1046,146,USA
1047,147,Glendale
1048,150,Patrick Stump
1049,151,Allegheny Technologies
1050,152,Stumppet@yahoo.com
1051,153,(623) 643-0399
1052,155,Camino San Xavier
1053,156,None
1054,157,None
1055,158,None
1056,159,AZ
1057,160,85308 
1058,161,USA
1059,162,Glendale
1060,164,75925
1061,165,2012-05-18
1062,166,U34A88
1063,167,U34A74
1064,169,Patrick Stump
1065,170,Allegheny Technologies
1066,171,Stumppet@yahoo.com
1067,172,(480) 503-7355
1068,174,1570.05
1069,123,457
1070,125,2577iuy
1071,126,4558.58577
1072,127,L
1073,128,4581.458
1074,129,10.0
1075,130,p754
1076,131,Jet Performance 67030 V-Force Plus
1077,132,48856
1078,135,Yulia Shkolnik
1079,136,Atmos Energy
1080,137,shkolnik@mail.com
1081,138,(623) 453-2670
1082,140,Christopher Street
1083,141,Forsyth Street
1086,144,CONNECTICUT
1087,145,13417
1089,147,Hartford
1090,150,Yulia Shkolnik
1091,151,Atmos Energy
1092,152,shkolnik@mail.com
1093,153,(623) 453-2670
1094,155,Christopher Street
1095,156,Forsyth Street
1098,159,CONNECTICUT
1099,160,13417
1101,162,Hartford
1102,164,4587
1103,165,2005-07-01
1104,166,K45L56
1105,167,K45L99
1106,169,Yulia Shkolnik
1107,170,Atmos Energy
1108,171,amos@gmail.com
1109,172,(520) 205-5008
1110,174,4550.0
1111,123,5585
1112,125,788569
1113,126,4569.88
1114,127,g
1115,128,45962.255
1116,129,4580.550
1117,130,o975
1118,131,V1.5 ELM327 II OBD 2 Bluetooth Auto Car Diagnostic Interface Scanner for Volvo
1119,132,785275
1120,135,Matthew Gubler
1121,136,Dominion Resources
1122,137,ngublemet@yandex.ru
1124,140,Hester Street 
1128,144,None
1129,145,25888
1130,146,UK
1131,147,London
1132,150,Danny Krain
1133,151,Dominion Resources
1134,152,krain@resor.uk
1135,153,(458) 568-4587
1136,155,Stuyvesant Street
1140,159,None
1141,160,56887
1142,161,UK
1143,162,London
1144,164,5584785
1145,165,2014-05-13
1146,166,D59R58
1147,167,G67H58
1148,169,Danny Krain
1149,170,Dominion Resources
1150,171,krain@resor.uk
1151,172,(458) 568-4587
1152,174,26240.45
1153,123,12
1154,125,d63457
1155,126,1237.82
1157,128,1237.82
1158,129,21
1160,131,tomatos
1161,132,12
1162,135,Tzeala Azulay
1163,136,Tamam Taasiyit mazon
1164,137,tmm@yandex.ru
1165,138,03-1223383
1166,140,Ben Guriyon 5
1171,145,26534
1172,146,Israel
1173,147,Petah Tikva
1174,150,Ayala Hason
1175,151,Tamam Taasiyit mazon
1176,152,ayala@tamam.il
1177,153,03-9823373
1178,155,Ben Guriyon 5
1184,161,Israel
1185,162,Petah Tikva
1186,164,PO122323
1187,165,2013-05-13
1188,166,d7654
1189,167,f9872
1190,169,Ayala Hason
1191,170,Tamam Taasiyit mazon
1192,171,tamam@resor.uk
1193,172,03-9823373
1194,174,1227.2
1195,123,1223
1196,125,d38292
1197,126,15.3
1199,128,30.4
1200,129,2
1201,130,s667
1202,131,potatos
1203,132,243
1204,135,Dr. Gilboa Barak
1205,136,Shuk ha karmel
1206,137,shuk@gmail.com
1207,138,03-2193822
1208,140,karmel 67
1215,147,Tel Aviv
1216,150,Dr. Gilboa Barak
1217,151,Shuk ha karmel
1218,152,shuk@gmail.com
1220,155,karmel 67
1227,162,Tel Aviv
1228,164,PO937506
1229,165,2013-12-23
1230,166,s6780
1231,167,a5678
1232,169,Dr. Gilboa Barak
1233,170,Shuk ha karmel
1234,171,shuk@gmail.com
1236,174,40.2
1237,123,15
1238,125,s8920
1239,126,10.6
1240,127,mg
1241,128,10
1243,130,f382
1244,131,cucambers
1245,132,23
1246,135,Mr Itay Hershko
1247,136,Arad Magvot
1248,137,arad@hotmail.com
1249,138,04-2637783
1250,140,Rakafot
1255,145,83799
1257,147,Arad
1258,150,Mr Itay Hershko
1259,151,Arad Magvot
1260,152,arad@hotmail.com
1262,155,Rakafot
1267,160,83799
1269,162,Arad
1270,164,PO283746
1271,165,2022-12-08
1272,166,s9825
1273,167,a9816
1274,169,Mr Itay Hershko
1275,170,Arad Magvot
1276,171,arad@hotmail.com
1278,174,10.2
1280,125,s7829
1281,126,1229000
1282,127,unit
1283,128,1300000
1285,130,w029
1286,131,BMW cars
1287,132,5
1288,135,Prof Ofer Shtrayhaman
1289,136,BMW import
1290,137,Netanya@hotmail.com
1292,140,Hazorfim
1297,145,28933
1299,147,Netanya
1300,150,Prof Ofer Shtrayhaman
1301,151,BMW import
1302,152,bmw@hotmail.com
1303,153,09-3847382
1304,155,Hazorfim
1309,160,28933
1311,162,Netanya
1312,164,PO203943
1313,165,2013-12-08
1314,166,s7890
1315,167,w8765
1316,169,Prof Ofer Shtrayhaman
1317,170,BMW import
1318,171,Netanya@hotmail.com
1319,172,09-3847382
1320,174,1300000
1321,123,34
1322,125,r83984
1323,126,4500
1325,128,4500
1326,129,1
1327,130,i934
1328,131,iphone 5
1330,135,Miss Zoohar Malka
1331,136,Tiny Love
1332,137,tlv@gmail.com
1334,140,Bareket 7
1339,145,27362
1341,147,Kiryat Yam
1342,150,Miss Zoohar Malka
1343,151,Tiny Love
1344,152,tlv@gmail.com
1345,153,04-2637783
1346,155,Bareket 7
1351,160,27362
1353,162,Kiryat Yam
1354,164,PO293483
1355,165,2020-07-24
1356,166,d7836
1357,167,w9722
1358,169,Miss Zoohar Malka
1359,170,Tiny Love
1360,171,tlv@gmail.com
1362,174,5000
1363,123,56
1364,125,d7384
1365,126,3400
1367,128,3400
1368,129,4
1369,130,i847
1370,131,sumsung galaxy
1371,132,34
1372,135,Miss Anat Harel
1373,136,Simbiyoniks
1374,137,snb@hotmail.com
1375,138,08-3428348
1376,140,Minz 22
1381,145,26374
1383,147,Beer Sheva
1384,150,Miss Anat Harel
1385,151,Simbiyoniks
1386,152,snb@hotmail.com
1388,155,Minz 22
1393,160,26374
1395,162,Beer Sheva
1396,164,PO232477
1400,169,Miss Anat Harel
1401,170,Simbiyoniks
1402,171,snb@hotmail.com
1404,174,13400
1405,177,2002-05-30T09:00:00
1406,178,PO236597
1407,180,moshe ben david
1408,181,c34801
1409,182,moshbd@hotmail.com
1410,183,03-26355800
1411,185,Tel Aviv
1412,186,moshe ben david
1413,187,Israel
1414,188,N/A
1415,189,Ben Gurion 252
1416,190,Apt 12
1417,191,.
1418,192,.
1419,193,23506
1420,194,34321
1421,196,Tel Aviv
1422,197,moshe ben david
1423,198,Israel
1424,199,N/A
1425,200,Ben Gurion 252
1426,201,Apt 12
1427,202,.
1428,203,.
1429,204,23508
1430,205,34321
1431,207,45
1432,208,2
1433,210,unit
1434,211,3.14
1435,212,1000
1436,213,p689
1437,214,1
1438,177,2012-05-23T04:00:00
1439,178,PO1300004
1440,180,moshe ve banav
1441,181,c2003
1442,182,moshban@gmail.com
1443,183,03-234756
1445,186,moshe ve banav
1447,188,None
1448,189,sderot herzel
1449,190,None
1450,191,None
1451,192,None
1452,193,90339
1453,194,384756
1455,197,Mr moshe cohen
1457,199,None
1458,200,sderot herzel
1459,201,None
1460,202,None
1461,203,None
1462,204,90339
1463,205,384756
1464,207,2
1465,208,4
1466,210,g
1467,211,100.0
1469,213,h374
1472,178,PO1300003
1473,180,rehitim lekol ltd
1474,181,c2001
1475,182,rehit@walla.com
1476,183,02-234586
1477,185,Jerusalem
1478,186,Mr Aviv Lavi
1481,189,harakevet 23
1485,193,94433
1486,194,372819
1487,196,Jerusalem
1488,197,Mr Aviv Lavi
1491,200,harakevet 23
1495,204,94433
1496,205,372819
1497,207,1
1498,208,3
1499,210,kg
1500,211,200.0
1501,212,30
1502,213,s259
1505,178,PO1300002
1506,180,Ms Einat Hadar
1507,181,c2009
1508,182,einat@mail.com
1509,183,08-354682
1510,185,Beer Sheva
1511,186,Einat Hadar
1514,189,Perez 3
1518,193,43399
1519,194,239023
1520,196,Beer Sheva
1521,197,Einat Hadar
1524,200,Perez
1528,204,43399
1529,205,239023
1533,211,1000.0
1534,212,1
1535,213,t899
1538,178,PO1300008
1539,180,Mazi Elmakaes
1540,181,d90008
1541,182,mazie@walla.com
1542,183,03-2828930
1543,185,Kiryat Gat
1544,186,Mazi Elmakaes
1547,189,sderot vaizman
1551,193,39988
1553,196,Kiryat Gat
1554,197,Mazi Elmakaes
1557,200,sderot vaizman
1561,204,39988
1564,208,1
1565,210,ml
1566,211,2.0
1567,212,3000
1568,213,a082
1571,178,PO0900009
1572,180,Avi Perez
1573,181,c20012
1574,182,avip@gmail.com
1575,183,03-234289
1577,186,Avi Perez
1580,189,Minz 3
1584,193,29988
1587,197,Avi Perez
1590,200,Minz 3
1594,204,29988
1599,211,10.3
1600,212,237
1601,213,p793
1604,178,PO1300021
1605,180,Eden Barzilay
1606,181,z92838
1607,182,edenb@hotmail.com
1608,183,02-938374
1610,186,Eden Barzily
1613,189,Hamadregot
1617,193,12322
1620,197,Eden Barzily
1623,200,Hamadregot
1627,204,12332
1631,210,mg
1632,211,23.0
1633,212,35
1634,213,u376
1638,180,Ms Marina Blumin
1639,181,d29903
1640,182,marinab@hotmail.com
1641,183,08-293847
1642,185,Yavne
1643,186,Marina Blumin
1646,189,Khavazelet
1650,193,22383
1652,196,Yavne
1653,197,Marina Blumin
1656,200,Khavazelet
1660,204,22383
1667,213,g773
1669,177,2012-05-30T09:00:00
1670,178,PO13000232
1671,180,Rani Rahav
1672,181,p0998
1673,182,ranir@gmail.com
1674,183,04-293874
1675,185,Nesher
1676,186,Rani Rahav
1679,189,Zahal 3
1683,193,27766
1685,196,Nesher
1686,197,Rani Rahav
1689,200,Zahal 3
1693,204,22776
1698,211,2.7
1699,212,10
1700,213,s898
1702,177,2012-05-12T15:45:00
1703,178,PO13000565
1704,180,shiran elad
1705,181,w23230
1706,182,shirane@mail.com
1709,186,shiran elad
1712,189,frishman
1716,193,12392
1719,197,shiran elad
1722,200,frishman
1726,204,12392
1733,213,u897
1735,217,19
1736,219,787i74
1737,220,1258
1738,221,kg
1739,222,1259854.58
1740,223,58
1741,224,t459
1742,225,Porsche early 944 924s relay/fuse box from a 1985 944
1743,226,857599
1744,229,Chandler Bing
1745,230,Cortica Ltd.
1746,231,sales@cortica.com
1747,232,(860) 832-2236
1748,234,Chestnut Street
1749,235,Eighth Avenue
1750,236,Pennsylvania Plaza
1751,237,96th Street
1752,238,Arizona
1753,239,58997
1754,240,US
1755,241,Lake Havasu City
1756,244,Peter Dinklage
1757,245,Microsoft
1758,246,pet.dinklage@microsoft.com
1759,247,(877) 647-0788
1760,249,Plaza Way
1761,250,Orange Campus
1762,251,Building 5
1763,252,Suite #3246
1764,253,Arizona
1765,254,86442
1766,255,US
1767,256,Bullhead City
1768,258,4587525
1769,259,2011-09-11
1770,260,U34A39
1771,261,U87A58
1772,263,Peter Dinklage
1773,264,Microsoft
1774,265,pet.dinklage@microsoft.com
1775,266,(877) 647-0788
1776,268,4785.36
1777,217,85
1778,219,yyiuu8
1779,220,458.99
1780,221,kg
1781,222,458772.74
1782,223,45.66
1783,224,y865
1784,225,Honda Stage 3 Performance Chip Fuel Engine Racing Speed MOD Plug n Play
1785,226,458871
1786,229,Patrick Stump
1787,230,Allegheny Technologies
1788,231,Stumppet@yahoo.com
1789,232,(623) 643-0399
1790,234,Camino San Xavier
1791,235,None
1792,236,None
1793,237,None
1794,238,AZ
1795,239,85308 
1796,240,USA
1797,241,Glendale
1798,244,Patrick Stump
1799,245,Allegheny Technologies
1800,246,Stumppet@yahoo.com
1801,247,(623) 643-0399
1802,249,Camino San Xavier
1803,250,None
1804,251,None
1805,252,None
1806,253,AZ
1807,254,85308 
1808,255,USA
1809,256,Glendale
1810,258,75925
1811,259,2012-05-18
1812,260,U34A88
1813,261,U34A74
1814,263,Patrick Stump
1815,264,Allegheny Technologies
1816,265,Stumppet@yahoo.com
1817,266,(480) 503-7355
1818,268,1570.05
1819,217,457
1820,219,2577iuy
1821,220,4558.58577
1822,221,L
1823,222,4581.458
1824,223,10.0
1825,224,p754
1826,225,Jet Performance 67030 V-Force Plus
1827,226,48856
1828,229,Yulia Shkolnik
1829,230,Atmos Energy
1830,231,shkolnik@mail.com
1831,232,(623) 453-2670
1832,234,Christopher Street
1833,235,Forsyth Street
1834,236,None
1835,237,None
1836,238,CONNECTICUT
1837,239,13417
1838,240,USA
1839,241,Hartford
1840,244,Yulia Shkolnik
1841,245,Atmos Energy
1842,246,shkolnik@mail.com
1843,247,(623) 453-2670
1844,249,Christopher Street
1845,250,Forsyth Street
1846,251,None
1847,252,None
1848,253,CONNECTICUT
1849,254,13417
1850,255,USA
1851,256,Hartford
1852,258,4587
1853,259,2005-07-01
1854,260,K45L56
1855,261,K45L99
1856,263,Yulia Shkolnik
1857,264,Atmos Energy
1858,265,amos@gmail.com
1859,266,(520) 205-5008
1860,268,4550.0
1861,217,5585
1862,219,788569
1863,220,4569.88
1864,221,g
1865,222,45962.255
1866,223,4580.550
1867,224,o975
1868,225,V1.5 ELM327 II OBD 2 Bluetooth Auto Car Diagnostic Interface Scanner for Volvo
1869,226,785275
1870,229,Matthew Gubler
1871,230,Dominion Resources
1872,231,ngublemet@yandex.ru
1873,232,(623) 643-0399
1874,234,Hester Street 
1875,235,None
1876,236,None
1877,237,None
1878,238,None
1879,239,25888
1880,240,UK
1881,241,London
1882,244,Danny Krain
1883,245,Dominion Resources
1884,246,krain@resor.uk
1885,247,(458) 568-4587
1886,249,Stuyvesant Street
1887,250,None
1888,251,None
1889,252,None
1890,253,None
1891,254,56887
1892,255,UK
1893,256,London
1894,258,5584785
1895,259,2014-05-13
1896,260,D59R58
1897,261,G67H58
1898,263,Danny Krain
1899,264,Dominion Resources
1900,265,krain@resor.uk
1901,266,(458) 568-4587
1902,268,26240.45
1903,217,12
1904,219,d63457
1905,220,1237.82
1906,221,kg
1907,222,1237.82
1908,223,21
1909,224,o975
1910,225,tomatos
1911,226,12
1912,229,Tzeala Azulay
1913,230,Tamam Taasiyit mazon
1914,231,tmm@yandex.ru
1915,232,03-1223383
1916,234,Ben Guriyon 5
1917,235,None
1918,236,None
1919,237,None
1920,238,None
1921,239,26534
1922,240,Israel
1923,241,Petah Tikva
1924,244,Ayala Hason
1925,245,Tamam Taasiyit mazon
1926,246,ayala@tamam.il
1927,247,03-9823373
1928,249,Ben Guriyon 5
1929,250,None
1930,251,None
1931,252,None
1932,253,None
1933,254,56887
1934,255,Israel
1935,256,Petah Tikva
1936,258,PO122323
1937,259,2013-05-13
1938,260,d7654
1939,261,f9872
1940,263,Ayala Hason
1941,264,Tamam Taasiyit mazon
1942,265,tamam@resor.uk
1943,266,03-9823373
1944,268,1227.2
1945,217,1223
1946,219,d38292
1947,220,15.3
1948,221,kg
1949,222,30.4
1950,223,2
1951,224,s667
1952,225,potatos
1953,226,243
1954,229,Dr. Gilboa Barak
1955,230,Shuk ha karmel
1956,231,shuk@gmail.com
1957,232,03-2193822
1958,234,karmel 67
1959,235,None
1960,236,None
1961,237,None
1962,238,None
1963,239,26534
1964,240,Israel
1965,241,Tel Aviv
1966,244,Dr. Gilboa Barak
1967,245,Shuk ha karmel
1968,246,shuk@gmail.com
1969,247,03-9823373
1970,249,karmel 67
1971,250,None
1972,251,None
1973,252,None
1974,253,None
1975,254,56887
1976,255,Israel
1977,256,Tel Aviv
1978,258,PO937506
1979,259,2013-12-23
1980,260,s6780
1981,261,a5678
1982,263,Dr. Gilboa Barak
1983,264,Shuk ha karmel
1984,265,shuk@gmail.com
1985,266,03-9823373
1986,268,40.2
1987,217,15
1988,219,s8920
1989,220,10.6
1990,221,mg
1991,222,10
1992,223,2
1993,224,f382
1994,225,cucambers
1995,226,23
1996,229,Mr Itay Hershko
1997,230,Arad Magvot
1998,231,arad@hotmail.com
1999,232,04-2637783
2000,234,Rakafot
2001,235,None
2002,236,None
2003,237,None
2004,238,None
2005,239,83799
2006,240,Israel
2007,241,Arad
2008,244,Mr Itay Hershko
2009,245,Arad Magvot
2010,246,arad@hotmail.com
2011,247,03-9823373
2012,249,Rakafot
2013,250,None
2014,251,None
2015,252,None
2016,253,None
2017,254,83799
2018,255,Israel
2019,256,Arad
2020,258,PO283746
2021,259,2022-12-08
2022,260,s9825
2023,261,a9816
2024,263,Mr Itay Hershko
2025,264,Arad Magvot
2026,265,arad@hotmail.com
2027,266,03-9823373
2028,268,10.2
2029,217,15
2030,219,s7829
2031,220,1229000
2032,221,unit
2033,222,1300000
2034,223,2
2035,224,w029
2036,225,BMW cars
2037,226,5
2038,229,Prof Ofer Shtrayhaman
2039,230,BMW import
2040,231,Netanya@hotmail.com
2041,232,04-2637783
2042,234,Hazorfim
2043,235,None
2044,236,None
2045,237,None
2046,238,None
2047,239,28933
2048,240,Israel
2049,241,Netanya
2050,244,Prof Ofer Shtrayhaman
2051,245,BMW import
2052,246,bmw@hotmail.com
2053,247,09-3847382
2054,249,Hazorfim
2055,250,None
2056,251,None
2057,252,None
2058,253,None
2059,254,28933
2060,255,Israel
2061,256,Netanya
2062,258,PO203943
2063,259,2013-12-08
2064,260,s7890
2065,261,w8765
2066,263,Prof Ofer Shtrayhaman
2067,264,BMW import
2068,265,Netanya@hotmail.com
2069,266,09-3847382
2070,268,1300000
2071,217,34
2072,219,r83984
2073,220,4500
2074,221,unit
2075,222,4500
2076,223,1
2077,224,i934
2078,225,iphone 5
2079,226,23
2080,229,Miss Zoohar Malka
2081,230,Tiny Love
2082,231,tlv@gmail.com
2083,232,04-2637783
2084,234,Bareket 7
2085,235,None
2086,236,None
2087,237,None
2088,238,None
2089,239,27362
2090,240,Israel
2091,241,Kiryat Yam
2092,244,Miss Zoohar Malka
2093,245,Tiny Love
2094,246,tlv@gmail.com
2095,247,04-2637783
2096,249,Bareket 7
2097,250,None
2098,251,None
2099,252,None
2100,253,None
2101,254,27362
2102,255,Israel
2103,256,Kiryat Yam
2104,258,PO293483
2105,259,2020-07-24
2106,260,d7836
2107,261,w9722
2108,263,Miss Zoohar Malka
2109,264,Tiny Love
2110,265,tlv@gmail.com
2111,266,03-9823373
2112,268,5000
2113,217,56
2114,219,d7384
2115,220,3400
2116,221,unit
2117,222,3400
2118,223,4
2119,224,i847
2120,225,sumsung galaxy
2121,226,34
2122,229,Miss Anat Harel
2123,230,Simbiyoniks
2124,231,snb@hotmail.com
2125,232,08-3428348
2126,234,Minz 22
2127,235,None
2128,236,None
2129,237,None
2130,238,None
2131,239,26374
2132,240,Israel
2133,241,Beer Sheva
2134,244,Miss Anat Harel
2135,245,Simbiyoniks
2136,246,snb@hotmail.com
2137,247,03-9823373
2138,249,Minz 22
2139,250,None
2140,251,None
2141,252,None
2142,253,None
2143,254,26374
2144,255,Israel
2145,256,Beer Sheva
2146,258,PO232477
2147,259,2022-12-08
2148,260,s9825
2149,261,a9816
2150,263,Miss Anat Harel
2151,264,Simbiyoniks
2152,265,snb@hotmail.com
2153,266,03-9823373
2154,268,13400
2155,271,2002-05-30T09:00:00
2156,272,PO236597
2157,274,moshe ben david
2158,275,c34801
2159,276,moshbd@hotmail.com
2160,277,03-26355800
2161,279,Tel Aviv
2162,280,moshe ben david
2163,281,Israel
2164,282,N/A
2165,283,Ben Gurion 252
2166,284,Apt 12
2167,285,.
2168,286,.
2169,287,23506
2170,288,34321
2171,290,Tel Aviv
2172,291,moshe ben david
2173,292,Israel
2174,293,N/A
2175,294,Ben Gurion 252
2176,295,Apt 12
2177,296,.
2178,297,.
2179,298,23508
2180,299,34321
2181,301,45
2182,302,2
2183,304,unit
2184,305,3.14
2185,306,1000
2186,307,p689
2187,308,1
2188,271,2012-05-23T04:00:00
2189,272,PO1300004
2190,274,moshe ve banav
2191,275,c2003
2192,276,moshban@gmail.com
2193,277,03-234756
2194,279,Tel Aviv
2195,280,moshe ve banav
2196,281,Israel
2197,282,None
2198,283,sderot herzel
2199,284,None
2200,285,None
2201,286,None
2202,287,90339
2203,288,384756
2204,290,Tel Aviv
2205,291,Mr moshe cohen
2206,292,Israel
2207,293,None
2208,294,sderot herzel
2209,295,None
2210,296,None
2211,297,None
2212,298,90339
2213,299,384756
2214,301,2
2215,302,4
2216,304,g
2217,305,100.0
2218,306,1000
2219,307,h374
2220,308,1
2221,271,2002-05-30T09:00:00
2222,272,PO1300003
2223,274,rehitim lekol ltd
2224,275,c2001
2225,276,rehit@walla.com
2226,277,02-234586
2227,279,Jerusalem
2228,280,Mr Aviv Lavi
2229,281,Israel
2230,282,None
2231,283,harakevet 23
2232,284,None
2233,285,None
2234,286,None
2235,287,94433
2236,288,372819
2237,290,Jerusalem
2238,291,Mr Aviv Lavi
2239,292,Israel
2240,293,None
2241,294,harakevet 23
2242,295,None
2243,296,None
2244,297,None
2245,298,94433
2246,299,372819
2247,301,1
2248,302,3
2249,304,kg
2250,305,200.0
2251,306,30
2252,307,s259
2253,308,1
2254,271,2002-05-30T09:00:00
2255,272,PO1300002
2256,274,Ms Einat Hadar
2257,275,c2009
2258,276,einat@mail.com
2259,277,08-354682
2260,279,Beer Sheva
2261,280,Einat Hadar
2262,281,Israel
2263,282,None
2264,283,Perez 3
2265,284,None
2266,285,None
2267,286,None
2268,287,43399
2269,288,239023
2270,290,Beer Sheva
2271,291,Einat Hadar
2272,292,Israel
2273,293,None
2274,294,Perez
2275,295,None
2276,296,None
2277,297,None
2278,298,43399
2279,299,239023
2280,301,1
2281,302,3
2282,304,unit
2283,305,1000.0
2284,306,1
2285,307,t899
2286,308,1
2287,271,2002-05-30T09:00:00
2288,272,PO1300008
2289,274,Mazi Elmakaes
2290,275,d90008
2291,276,mazie@walla.com
2292,277,03-2828930
2293,279,Kiryat Gat
2294,280,Mazi Elmakaes
2295,281,Israel
2296,282,None
2297,283,sderot vaizman
2298,284,None
2299,285,None
2300,286,None
2301,287,39988
2302,288,384756
2303,290,Kiryat Gat
2304,291,Mazi Elmakaes
2305,292,Israel
2306,293,None
2307,294,sderot vaizman
2308,295,None
2309,296,None
2310,297,None
2311,298,39988
2312,299,384756
2313,301,1
2314,302,1
2315,304,ml
2316,305,2.0
2317,306,3000
2318,307,a082
2319,308,1
2320,271,2002-05-30T09:00:00
2321,272,PO0900009
2322,274,Avi Perez
2323,275,c20012
2324,276,avip@gmail.com
2325,277,03-234289
2326,279,Tel Aviv
2327,280,Avi Perez
2328,281,Israel
2329,282,None
2330,283,Minz 3
2331,284,None
2332,285,None
2333,286,None
2334,287,29988
2335,288,384756
2336,290,Tel Aviv
2337,291,Avi Perez
2338,292,Israel
2339,293,None
2340,294,Minz 3
2341,295,None
2342,296,None
2343,297,None
2344,298,29988
2345,299,384756
2346,301,1
2347,302,2
2348,304,kg
2349,305,10.3
2350,306,237
2351,307,p793
2352,308,1
2353,271,2002-05-30T09:00:00
2354,272,PO1300021
2355,274,Eden Barzilay
2356,275,z92838
2357,276,edenb@hotmail.com
2358,277,02-938374
2359,279,Jerusalem
2360,280,Eden Barzily
2361,281,Israel
2362,282,None
2363,283,Hamadregot
2364,284,None
2365,285,None
2366,286,None
2367,287,12322
2368,288,384756
2369,290,Jerusalem
2370,291,Eden Barzily
2371,292,Israel
2372,293,None
2373,294,Hamadregot
2374,295,None
2375,296,None
2376,297,None
2377,298,12332
2378,299,384756
2379,301,1
2380,302,2
2381,304,mg
2382,305,23.0
2383,306,35
2384,307,u376
2385,308,1
2386,271,2002-05-30T09:00:00
2387,272,PO1300021
2388,274,Ms Marina Blumin
2389,275,d29903
2390,276,marinab@hotmail.com
2391,277,08-293847
2392,279,Yavne
2393,280,Marina Blumin
2394,281,Israel
2395,282,None
2396,283,Khavazelet
2397,284,None
2398,285,None
2399,286,None
2400,287,22383
2401,288,384756
2402,290,Yavne
2403,291,Marina Blumin
2404,292,Israel
2405,293,None
2406,294,Khavazelet
2407,295,None
2408,296,None
2409,297,None
2410,298,22383
2411,299,384756
2412,301,1
2413,302,2
2414,304,unit
2415,305,100.0
2416,306,1000
2417,307,g773
2418,308,1
2419,271,2012-05-30T09:00:00
2420,272,PO13000232
2421,274,Rani Rahav
2422,275,p0998
2423,276,ranir@gmail.com
2424,277,04-293874
2425,279,Nesher
2426,280,Rani Rahav
2427,281,Israel
2428,282,None
2429,283,Zahal 3
2430,284,None
2431,285,None
2432,286,None
2433,287,27766
2434,288,384756
2435,290,Nesher
2436,291,Rani Rahav
2437,292,Israel
2438,293,None
2439,294,Zahal 3
2440,295,None
2441,296,None
2442,297,None
2443,298,22776
2444,299,384756
2445,301,1
2446,302,2
2447,304,kg
2448,305,2.7
2449,306,10
2450,307,s898
2451,308,1
2452,271,2012-05-12T15:45:00
2453,272,PO13000565
2454,274,shiran elad
2455,275,w23230
2456,276,shirane@mail.com
2457,277,03-234756
2458,279,Tel Aviv
2459,280,shiran elad
2460,281,Israel
2461,282,None
2462,283,frishman
2463,284,None
2464,285,None
2465,286,None
2466,287,12392
2467,288,384756
2468,290,Tel Aviv
2469,291,shiran elad
2470,292,Israel
2471,293,None
2472,294,frishman
2473,295,None
2474,296,None
2475,297,None
2476,298,12392
2477,299,384756
2478,301,1
2479,302,2
2480,304,unit
2481,305,100.0
2482,306,1
2483,307,u897
2484,308,1
